i,qid,mode,e2e_ms,server_embed_dense_ms,server_qdrant_ms,server_total_ms
1,7795,dense,33.94,9.49,22.52,32.03
2,796,dense,35.57,9.63,23.24,32.89
3,4505,dense,19.55,11.19,6.13,17.34
4,6938,dense,34.36,10.87,21.84,32.73
5,5312,dense,33.43,9.78,21.93,31.72
6,7154,dense,19.29,9.93,7.35,17.29
7,7669,dense,29.75,10.92,17.22,28.15
8,8737,dense,33.31,9.75,21.98,31.74
9,1791,dense,30.41,9.76,18.75,28.53
10,9297,dense,17.2,11.23,4.15,15.39
11,4111,dense,26.28,9.14,15.55,24.7
12,3158,dense,35.82,10.0,24.0,34.01
13,3335,dense,16.4,9.37,5.25,14.63
14,7373,dense,31.56,9.28,20.6,29.88
15,8642,dense,31.76,9.68,20.5,30.2
16,6408,dense,16.26,10.24,4.47,14.72
17,9512,dense,24.47,9.71,13.15,22.87
18,5175,dense,34.82,10.85,22.43,33.29
19,819,dense,32.53,10.0,21.05,31.07
20,3603,dense,25.34,9.48,14.3,23.79
21,3639,dense,33.35,9.35,22.51,31.87
22,5045,dense,14.86,9.73,3.53,13.27
23,9069,dense,34.33,9.67,23.06,32.74
24,347,dense,18.4,10.37,6.39,16.77
25,9723,dense,33.61,10.14,21.99,32.15
26,9013,dense,30.93,9.96,19.36,29.33
27,7325,dense,27.28,10.19,15.43,25.63
28,1728,dense,31.62,9.72,20.34,30.07
29,76,dense,33.63,11.08,20.81,31.9
30,973,dense,32.4,14.75,16.01,30.77
31,9020,dense,33.96,12.95,19.47,32.43
32,3749,dense,32.69,14.37,16.78,31.15
33,664,dense,33.98,13.63,18.69,32.33
34,7354,dense,33.97,13.43,18.94,32.38
35,7118,dense,40.99,13.25,26.18,39.45
36,1452,dense,41.64,13.52,26.44,39.97
37,906,dense,33.33,13.84,17.91,31.77
38,3786,dense,31.46,14.32,15.52,29.85
39,4398,dense,19.76,14.51,3.68,18.2
40,1160,dense,30.82,13.69,15.55,29.26
41,2426,dense,33.3,13.58,18.16,31.75
42,2341,dense,42.78,13.49,27.4,40.91
43,1970,dense,31.86,13.94,15.94,29.9
44,552,dense,33.8,13.69,18.47,32.17
45,5624,dense,41.23,13.77,25.83,39.62
46,8382,dense,33.27,14.44,17.28,31.73
47,3957,dense,34.47,13.48,19.3,32.8
48,9172,dense,32.07,13.51,16.82,30.34
49,426,dense,33.81,14.25,17.74,32.0
50,1392,dense,32.59,13.92,16.99,30.93
51,6508,dense,34.67,13.54,19.22,32.78
52,9755,dense,32.05,13.72,16.44,30.17
53,5626,dense,33.69,13.24,18.82,32.08
54,4997,dense,32.54,13.47,17.54,31.03
55,5439,dense,34.82,13.71,19.39,33.11
56,323,dense,31.84,14.25,15.93,30.19
57,690,dense,34.07,14.03,18.53,32.58
58,2848,dense,32.57,13.72,17.31,31.04
59,806,dense,42.69,13.61,27.54,41.16
60,3442,dense,33.59,13.67,18.25,31.94
61,5047,dense,40.15,13.41,25.15,38.57
62,9479,dense,33.44,14.74,17.17,31.93
63,3511,dense,34.17,13.96,18.71,32.68
64,6447,dense,32.76,13.72,17.51,31.23
65,7897,dense,33.3,13.94,17.79,31.74
66,3997,dense,34.55,13.48,19.54,33.04
67,7332,dense,41.02,13.93,25.46,39.41
68,9124,dense,33.3,14.81,16.7,31.53
69,9325,dense,33.0,14.56,16.96,31.53
70,3991,dense,19.05,13.86,3.54,17.42
71,530,dense,38.98,13.86,23.43,37.3
72,5826,dense,33.45,15.83,15.87,31.71
73,4866,dense,32.69,14.91,16.2,31.12
74,7695,dense,34.21,13.63,18.77,32.41
75,9468,dense,21.38,16.02,3.75,19.79
76,2330,dense,37.09,13.56,21.97,35.54
77,5884,dense,40.92,14.02,25.25,39.29
78,3478,dense,33.71,14.04,18.03,32.08
79,2575,dense,42.08,14.17,26.31,40.49
80,6740,dense,33.2,13.82,17.79,31.62
81,9967,dense,19.15,14.13,3.46,17.6
82,1551,dense,29.22,13.84,13.6,27.45
83,2136,dense,36.16,14.54,20.12,34.66
84,7917,dense,31.55,13.83,16.16,30.02
85,9403,dense,33.23,13.67,18.04,31.72
86,9056,dense,30.62,13.73,15.28,29.03
87,587,dense,36.43,13.57,21.36,34.94
88,1754,dense,32.07,15.04,15.38,30.44
89,5666,dense,34.09,13.88,18.55,32.43
90,492,dense,27.6,14.09,11.9,26.0
91,6584,dense,19.82,14.03,3.94,17.99
92,7826,dense,44.39,13.74,28.84,42.59
93,1263,dense,33.83,14.16,17.91,32.07
94,5202,dense,18.84,13.69,3.58,17.28
95,3777,dense,29.12,13.5,13.92,27.43
96,10039,dense,33.49,14.6,17.32,31.94
97,8132,dense,35.11,13.56,19.86,33.43
98,3742,dense,42.76,13.65,27.32,40.99
99,2470,dense,30.92,15.35,13.93,29.29
100,5423,dense,33.01,13.52,17.81,31.34
