i,qid,mode,e2e_ms,server_embed_dense_ms,server_embed_bm25_ms,server_qdrant_ms,server_fusion_ms,server_total_ms
1,7795,hybrid,23.5,13.54,0.06,8.05,0.05,21.72
2,796,hybrid,32.49,14.02,0.08,16.46,0.05,30.62
3,4505,hybrid,32.15,15.17,0.05,15.35,0.05,30.63
4,6938,hybrid,34.84,15.17,0.05,17.93,0.05,33.22
5,5312,hybrid,32.53,13.82,0.05,16.78,0.05,30.71
6,7154,hybrid,36.17,14.35,0.06,20.12,0.05,34.59
7,7669,hybrid,49.86,13.59,0.08,34.33,0.06,48.07
8,8737,hybrid,40.5,13.63,0.05,24.92,0.05,38.67
9,1791,hybrid,40.49,13.57,0.06,25.1,0.05,38.79
10,9297,hybrid,24.34,15.53,0.05,7.04,0.04,22.67
11,4111,hybrid,33.43,13.4,0.08,18.18,0.05,31.72
12,3158,hybrid,49.34,13.81,0.07,33.77,0.05,47.71
13,3335,hybrid,42.12,13.79,0.06,26.55,0.04,40.46
14,7373,hybrid,35.34,13.88,0.06,19.66,0.06,33.67
15,8642,hybrid,30.42,13.66,0.05,15.05,0.05,28.82
16,6408,hybrid,33.75,13.9,0.06,17.97,0.05,31.99
17,9512,hybrid,23.93,14.1,0.07,8.01,0.05,22.25
18,5175,hybrid,24.5,15.33,0.06,7.45,0.05,22.91
19,819,hybrid,21.55,13.96,0.06,5.8,0.05,19.89
20,3603,hybrid,46.69,13.6,0.05,31.33,0.05,45.05
21,3639,hybrid,32.88,13.94,0.05,17.16,0.05,31.2
22,5045,hybrid,32.62,14.0,0.06,16.96,0.04,31.07
23,9069,hybrid,33.86,14.02,0.07,18.14,0.05,32.29
24,347,hybrid,41.77,13.9,0.06,26.03,0.05,40.05
25,9723,hybrid,22.41,14.16,0.06,6.3,0.05,20.59
26,9013,hybrid,38.48,13.98,0.06,22.38,0.05,36.49
27,7325,hybrid,25.15,13.83,0.06,9.3,0.07,23.27
28,1728,hybrid,47.34,13.47,0.06,32.03,0.05,45.63
29,76,hybrid,32.72,15.08,0.07,15.92,0.05,31.14
30,973,hybrid,21.56,13.95,0.07,5.84,0.06,19.92
31,9020,hybrid,20.53,14.02,0.07,4.74,0.03,18.88
32,3749,hybrid,41.1,15.31,0.05,24.11,0.03,39.52
33,664,hybrid,32.35,13.99,0.06,16.56,0.05,30.68
34,7354,hybrid,34.29,14.37,0.07,18.09,0.05,32.58
35,7118,hybrid,33.98,14.11,0.05,18.14,0.05,32.37
36,1452,hybrid,31.65,13.94,0.06,16.05,0.05,30.1
37,906,hybrid,25.0,13.84,0.06,9.54,0.05,23.5
38,3786,hybrid,34.09,14.8,0.06,17.48,0.05,32.39
39,4398,hybrid,33.52,13.71,0.06,18.09,0.05,31.92
40,1160,hybrid,49.5,13.81,0.05,33.97,0.05,47.9
41,2426,hybrid,46.6,13.78,0.06,31.15,0.05,45.05
42,2341,hybrid,37.05,13.59,0.06,21.61,0.06,35.35
43,1970,hybrid,35.26,13.75,0.06,19.59,0.05,33.46
44,552,hybrid,31.37,13.56,0.06,16.03,0.05,29.71
45,5624,hybrid,32.71,13.56,0.05,17.39,0.05,31.07
46,8382,hybrid,33.38,14.22,0.07,17.3,0.05,31.65
47,3957,hybrid,33.79,13.85,0.06,18.18,0.05,32.15
48,9172,hybrid,43.04,14.04,0.06,27.18,0.05,41.35
49,426,hybrid,41.07,18.76,0.1,20.04,0.05,38.97
50,1392,hybrid,27.82,14.76,0.07,10.89,0.06,25.8
51,6508,hybrid,22.33,13.91,0.08,6.6,0.05,20.66
52,9755,hybrid,32.82,13.99,0.06,16.68,0.05,30.8
53,5626,hybrid,31.19,14.41,0.06,14.99,0.05,29.52
54,4997,hybrid,34.97,13.88,0.06,19.36,0.05,33.37
55,5439,hybrid,34.44,14.36,0.09,18.02,0.05,32.52
56,323,hybrid,34.14,14.06,0.06,17.98,0.05,32.16
57,690,hybrid,22.91,14.53,0.07,6.38,0.05,21.05
58,2848,hybrid,32.0,14.23,0.07,16.01,0.06,30.39
59,806,hybrid,42.85,14.94,0.07,26.11,0.05,41.18
60,3442,hybrid,22.51,14.15,0.07,6.55,0.05,20.84
61,5047,hybrid,21.26,14.07,0.06,5.2,0.05,19.39
62,9479,hybrid,34.33,14.99,0.08,17.4,0.05,32.54
63,3511,hybrid,33.84,13.85,0.07,18.08,0.05,32.06
64,6447,hybrid,36.62,13.99,0.11,20.8,0.04,34.97
65,7897,hybrid,33.97,13.62,0.06,18.51,0.06,32.27
66,3997,hybrid,33.24,13.9,0.29,17.31,0.05,31.57
67,7332,hybrid,34.13,13.85,0.06,18.46,0.05,32.43
68,9124,hybrid,32.55,14.44,0.06,16.05,0.06,30.62
69,9325,hybrid,33.19,14.29,0.05,17.05,0.05,31.46
70,3991,hybrid,32.44,14.14,0.05,16.61,0.03,30.85
71,530,hybrid,46.28,13.93,0.05,30.3,0.06,44.36
72,5826,hybrid,22.06,13.85,0.08,6.12,0.05,20.1
73,4866,hybrid,33.15,15.11,0.05,16.37,0.03,31.58
74,7695,hybrid,34.32,13.93,0.06,18.62,0.05,32.68
75,9468,hybrid,22.47,14.96,0.05,5.63,0.05,20.7
76,2330,hybrid,32.94,13.89,0.07,17.32,0.05,31.34
77,5884,hybrid,31.3,13.86,0.06,15.76,0.05,29.74
78,3478,hybrid,32.4,13.69,0.06,17.02,0.06,30.85
79,2575,hybrid,28.1,13.67,0.06,12.75,0.05,26.54
80,6740,hybrid,42.41,13.84,0.06,26.89,0.05,40.86
81,9967,hybrid,40.02,14.17,0.07,23.07,0.12,37.45
82,1551,hybrid,26.56,15.28,0.08,8.54,0.08,24.01
83,2136,hybrid,25.88,16.12,0.08,7.59,0.05,23.86
84,7917,hybrid,46.97,13.69,0.07,31.29,0.05,45.11
85,9403,hybrid,21.43,13.87,0.06,5.75,0.06,19.76
86,9056,hybrid,29.36,13.66,0.06,13.93,0.05,27.71
87,587,hybrid,42.29,13.7,0.05,26.91,0.05,40.72
88,1754,hybrid,47.38,14.91,0.06,30.86,0.05,45.9
89,5666,hybrid,36.53,13.59,0.07,21.24,0.05,34.95
90,492,hybrid,22.01,14.24,0.06,5.91,0.05,20.28
91,6584,hybrid,38.59,13.28,0.08,23.1,0.1,36.58
92,7826,hybrid,38.99,13.95,0.06,23.08,0.05,37.15
93,1263,hybrid,21.93,14.02,0.07,5.96,0.06,20.12
94,5202,hybrid,36.03,14.49,0.06,19.68,0.06,34.3
95,3777,hybrid,20.58,13.89,0.06,4.84,0.04,18.85
96,10039,hybrid,37.38,14.91,0.06,20.65,0.05,35.69
97,8132,hybrid,32.42,14.09,0.07,16.61,0.05,30.83
98,3742,hybrid,34.22,13.83,0.06,18.7,0.05,32.65
99,2470,hybrid,24.22,15.15,0.05,7.41,0.05,22.68
100,5423,hybrid,33.85,14.38,0.06,17.78,0.05,32.29
