i,qid,mode,e2e_ms,server_embed_dense_ms,server_embed_bm25_ms,server_qdrant_ms,server_fusion_ms,server_rerank_ms,server_total_ms
1,7795,hybrid_rerank+filter,68.35,12.97,0.08,20.23,0.07,32.55,65.96
2,796,hybrid_rerank+filter,73.12,13.38,0.09,25.68,0.08,31.26,70.54
3,4505,hybrid_rerank+filter,81.31,13.99,0.07,19.72,0.08,44.99,78.9
4,6938,hybrid_rerank+filter,55.01,13.49,0.07,8.55,0.09,30.12,52.37
5,5312,hybrid_rerank+filter,62.99,14.71,0.1,15.17,0.09,30.22,60.34
6,7154,hybrid_rerank+filter,66.34,13.85,0.08,19.99,0.08,29.76,63.81
7,7669,hybrid_rerank+filter,78.61,13.36,0.07,27.6,0.11,34.38,75.57
8,8737,hybrid_rerank+filter,73.24,13.61,0.07,24.14,0.09,32.5,70.46
9,1791,hybrid_rerank+filter,67.05,15.06,0.07,18.4,0.09,30.49,64.17
10,9297,hybrid_rerank+filter,73.95,15.56,0.08,26.24,0.09,29.03,71.05
11,4111,hybrid_rerank+filter,80.27,14.84,0.08,27.03,0.1,35.36,77.46
12,3158,hybrid_rerank+filter,68.04,15.76,0.08,19.08,0.09,30.25,65.33
13,3335,hybrid_rerank+filter,84.78,14.81,0.08,32.47,0.14,34.55,82.09
14,7373,hybrid_rerank+filter,81.35,14.93,0.08,30.9,0.09,32.68,78.73
15,8642,hybrid_rerank+filter,59.6,13.4,0.07,10.21,0.1,33.09,56.92
16,6408,hybrid_rerank+filter,76.56,18.06,0.09,24.38,0.1,30.54,73.24
17,9512,hybrid_rerank+filter,70.61,16.67,0.09,21.51,0.09,28.98,67.4
18,5175,hybrid_rerank+filter,68.94,16.51,0.08,9.09,0.1,39.51,65.37
19,819,hybrid_rerank+filter,73.51,17.84,0.17,22.79,0.09,29.74,70.69
20,3603,hybrid_rerank+filter,74.31,15.8,0.08,23.38,0.1,32.05,71.47
21,3639,hybrid_rerank+filter,72.19,16.38,0.08,19.29,0.1,33.43,69.33
22,5045,hybrid_rerank+filter,77.78,15.02,0.08,24.8,0.09,35.16,75.2
23,9069,hybrid_rerank+filter,80.26,14.56,0.11,26.96,0.08,35.55,77.3
24,347,hybrid_rerank+filter,70.62,13.85,0.07,23.74,0.08,30.33,68.12
25,9723,hybrid_rerank+filter,68.11,13.82,0.08,19.62,0.08,32.17,65.8
26,9013,hybrid_rerank+filter,58.27,14.14,0.08,7.74,0.09,33.43,55.53
27,7325,hybrid_rerank+filter,73.64,13.21,0.08,26.46,0.08,31.26,71.14
28,1728,hybrid_rerank+filter,66.76,16.42,0.08,8.46,0.09,39.1,64.19
29,76,hybrid_rerank+filter,55.48,14.12,0.07,9.43,0.08,28.94,52.7
30,973,hybrid_rerank+filter,75.84,15.42,0.08,26.53,0.14,30.83,73.05
31,9020,hybrid_rerank+filter,83.26,17.58,0.07,16.81,0.06,45.33,79.9
32,3749,hybrid_rerank+filter,72.83,17.95,0.08,18.38,0.14,32.65,69.26
33,664,hybrid_rerank+filter,89.19,18.07,0.09,31.47,0.1,36.19,85.97
34,7354,hybrid_rerank+filter,83.39,16.74,0.09,21.97,0.09,41.38,80.35
35,7118,hybrid_rerank+filter,65.66,15.5,0.08,15.4,0.09,31.58,62.71
36,1452,hybrid_rerank+filter,83.93,14.83,0.08,31.2,0.08,34.82,81.06
37,906,hybrid_rerank+filter,56.78,15.42,0.09,9.79,0.09,28.65,54.08
38,3786,hybrid_rerank+filter,69.58,19.63,0.08,10.16,0.09,36.37,66.39
39,4398,hybrid_rerank+filter,79.15,18.29,0.08,9.04,0.09,48.29,75.84
40,1160,hybrid_rerank+filter,68.64,17.91,0.13,11.96,0.11,34.39,64.55
41,2426,hybrid_rerank+filter,77.11,16.68,0.09,22.85,0.09,33.85,73.61
42,2341,hybrid_rerank+filter,87.45,17.75,0.08,29.93,0.11,36.29,84.23
43,1970,hybrid_rerank+filter,81.88,22.43,0.1,18.94,0.11,37.06,78.7
44,552,hybrid_rerank+filter,81.09,19.12,0.11,20.11,0.11,38.05,77.58
45,5624,hybrid_rerank+filter,83.02,19.98,0.09,26.39,0.12,32.85,79.5
46,8382,hybrid_rerank+filter,94.66,22.52,0.18,25.55,0.1,43.0,91.42
47,3957,hybrid_rerank+filter,81.59,18.62,0.09,15.88,0.1,43.59,78.33
48,9172,hybrid_rerank+filter,84.42,17.72,0.09,31.41,0.1,32.06,81.45
49,426,hybrid_rerank+filter,65.84,17.62,0.09,10.89,0.1,33.99,62.75
50,1392,hybrid_rerank+filter,85.15,23.71,0.1,23.93,0.11,33.88,81.8
51,6508,hybrid_rerank+filter,77.48,18.96,0.09,24.79,0.08,30.41,74.4
52,9755,hybrid_rerank+filter,94.37,25.27,0.09,32.49,0.1,32.88,90.92
53,5626,hybrid_rerank+filter,67.02,19.99,0.09,11.83,0.1,31.56,63.64
54,4997,hybrid_rerank+filter,70.18,20.26,0.1,11.21,0.11,35.25,67.01
55,5439,hybrid_rerank+filter,82.94,19.44,0.09,22.74,0.11,37.25,79.69
56,323,hybrid_rerank+filter,65.03,20.08,0.09,10.2,0.09,31.46,61.98
57,690,hybrid_rerank+filter,62.97,16.64,0.09,9.78,0.1,33.33,60.03
58,2848,hybrid_rerank+filter,69.17,16.38,0.09,20.33,0.09,29.44,66.38
59,806,hybrid_rerank+filter,86.15,14.62,0.08,21.99,0.1,46.5,83.35
60,3442,hybrid_rerank+filter,64.3,15.24,0.07,10.54,0.09,35.43,61.43
61,5047,hybrid_rerank+filter,68.85,13.56,0.07,19.99,0.09,32.66,66.42
62,9479,hybrid_rerank+filter,70.75,14.17,0.06,18.99,0.09,34.86,68.22
63,3511,hybrid_rerank+filter,110.2,14.77,0.08,26.65,0.08,61.57,103.29
64,6447,hybrid_rerank+filter,181.17,66.17,0.26,37.9,0.32,68.51,173.29
65,7897,hybrid_rerank+filter,111.08,43.88,0.14,18.8,0.18,42.34,105.41
66,3997,hybrid_rerank+filter,105.43,37.86,0.13,20.43,0.14,42.35,100.99
67,7332,hybrid_rerank+filter,109.67,31.35,0.13,35.04,0.14,38.74,105.47
68,9124,hybrid_rerank+filter,95.96,30.88,0.13,17.69,0.15,42.56,91.49
69,9325,hybrid_rerank+filter,105.76,29.84,0.08,31.65,0.11,39.38,101.14
70,3991,hybrid_rerank+filter,92.18,24.34,0.07,11.9,0.1,51.27,87.75
71,530,hybrid_rerank+filter,72.17,19.47,0.07,16.3,0.11,32.9,68.91
72,5826,hybrid_rerank+filter,102.57,44.54,0.08,15.27,0.11,39.81,99.86
73,4866,hybrid_rerank+filter,80.5,18.96,0.07,27.18,0.06,31.63,77.94
74,7695,hybrid_rerank+filter,74.33,23.66,0.08,11.13,0.11,35.71,70.76
75,9468,hybrid_rerank+filter,79.06,26.75,0.08,12.72,0.08,36.32,76.0
76,2330,hybrid_rerank+filter,84.76,25.73,0.12,17.07,0.14,37.83,80.97
77,5884,hybrid_rerank+filter,79.04,18.55,0.09,20.63,0.1,35.87,75.32
78,3478,hybrid_rerank+filter,94.45,24.97,0.08,12.53,0.09,52.58,90.32
79,2575,hybrid_rerank+filter,97.78,33.22,0.09,19.83,0.07,39.37,92.66
80,6740,hybrid_rerank+filter,142.09,52.19,0.09,23.4,0.17,59.45,135.45
81,9967,hybrid_rerank+filter,135.58,52.29,0.21,28.67,0.19,47.46,128.93
82,1551,hybrid_rerank+filter,112.9,34.91,0.13,15.53,0.19,58.27,109.11
83,2136,hybrid_rerank+filter,109.5,23.95,0.09,27.28,0.25,52.65,104.33
84,7917,hybrid_rerank+filter,126.47,41.89,0.08,19.39,0.2,58.86,120.51
85,9403,hybrid_rerank+filter,119.23,28.52,0.12,25.38,0.16,59.33,113.65
86,9056,hybrid_rerank+filter,135.75,50.17,0.16,31.29,0.27,47.95,129.91
87,587,hybrid_rerank+filter,89.35,26.54,0.08,11.17,0.09,45.92,83.89
88,1754,hybrid_rerank+filter,113.81,33.17,0.11,32.25,0.13,43.33,109.08
89,5666,hybrid_rerank+filter,94.78,29.89,0.15,18.01,0.15,42.26,90.54
90,492,hybrid_rerank+filter,100.0,32.89,0.14,16.38,0.18,47.03,96.69
91,6584,hybrid_rerank+filter,112.96,21.96,0.05,37.64,0.12,49.78,109.61
92,7826,hybrid_rerank+filter,105.83,38.66,0.11,14.14,0.1,48.99,102.09
93,1263,hybrid_rerank+filter,84.75,31.98,0.12,15.95,0.15,32.84,81.12
94,5202,hybrid_rerank+filter,108.63,26.81,0.08,30.69,0.05,46.46,104.17
95,3777,hybrid_rerank+filter,93.29,28.32,0.11,13.99,0.13,47.14,89.77
96,10039,hybrid_rerank+filter,77.08,18.91,0.07,11.95,0.09,43.2,74.27
97,8132,hybrid_rerank+filter,111.68,41.56,0.14,19.63,0.15,46.88,108.43
98,3742,hybrid_rerank+filter,101.49,30.29,0.11,14.45,0.16,53.1,98.17
99,2470,hybrid_rerank+filter,88.7,29.82,0.1,14.17,0.09,41.66,85.89
100,5423,hybrid_rerank+filter,101.43,17.03,0.07,33.76,0.16,46.47,97.59
